Model	Mean AUC
rf	0.6845230669265757
mlp	0.6329103313840156
xgboost	0.6062517404622668
lr	0.5870802005012531
svm	0.5798873108697671
