	16S_136_Nobel	16S_20_Rawson	16S_49_Turjeman	16S_96_Quagliariello
16S_136_Nobel	0.9192307692307693	0.5892857142857143	0.7733333333333333	0.490295358649789
16S_20_Rawson	0.2838461538461538	0.125	0.31333333333333335	0.4032067510548523
16S_49_Turjeman	0.7423076923076923	0.44642857142857134	0.9933333333333334	0.5650632911392405
16S_96_Quagliariello	0.4634615384615385	0.5999999999999999	0.642	0.5491983122362869
