"metric","beta","se","p","study","n"
"log2_Firmicutes",0.335322509268043,0.566831497273944,0.564282286027763,"16S_80_Garcia",16
"log2_Proteobacteria",-0.456560264817357,0.289371349741162,0.138633844276673,"16S_80_Garcia",16
"log2_Bacteroidota",1.86128968800436,0.655781506660824,0.0139672975702762,"16S_80_Garcia",16
