"metric","beta","se","p","study","n"
"log2_Firmicutes",-1.29913037805577,1.35533500462575,0.343553326817776,"16S_102_Bodkhe",43
"log2_Proteobacteria",0.347640741663448,0.545381229592076,0.527478704159812,"16S_102_Bodkhe",43
"log2_Bacteroidota",0.191366286416027,1.29178405897551,0.882975709218486,"16S_102_Bodkhe",43
