Model	Mean AUC
lr	0.558882594217024
xgboost	0.5236014660493827
svm	0.517208617608837
mlp	0.5021657732293697
rf	0.49707906920077977
