	16S_102_Bodkhe	16S_119_Salamon	16S_80_Garcia
16S_102_Bodkhe	0.8171296296296295	0.5552631578947369	0.53125
16S_119_Salamon	0.5902777777777778	0.7118421052631578	0.671875
16S_80_Garcia	0.5046296296296297	0.5	0.953125
