"metric","beta","se","p","study","n"
"log2_Firmicutes",-0.138749811917698,0.212807177981974,0.516046035920262,"16S_96_Quagliariello",94
"log2_Proteobacteria",-0.835441358323504,1.03760386348465,0.422823786290499,"16S_96_Quagliariello",94
"log2_Bacteroidota",0.733256203142425,0.44567662398924,0.103365172260729,"16S_96_Quagliariello",94
