"metric","beta","se","p","study","n"
"log2_Firmicutes",-0.0627279601356284,0.089971633377057,0.488244370546883,"16S_136_Nobel",66
"log2_Proteobacteria",1.60709754137758,1.38854628417816,0.251480094651143,"16S_136_Nobel",66
"log2_Bacteroidota",0.0923654052199843,0.113567741730227,0.419105393415102,"16S_136_Nobel",66
