Model	Mean AUC
rf	0.6584089390142022
mlp	0.6359063399238837
xgboost	0.6155729137658963
lr	0.5864155759769795
svm	0.5621469414276432
