	16S_102_Bodkhe	16S_49_Turjeman	16S_60_Shi
16S_102_Bodkhe	1.0	0.6044444444444445	0.6071111111111112
16S_49_Turjeman	0.5842105263157895	1.0	0.6255555555555556
16S_60_Shi	0.6894736842105263	0.6866666666666668	1.0
