	16S_102_Bodkhe	16S_49_Turjeman	16S_60_Shi
16S_102_Bodkhe	1.0	0.6644444444444444	0.5762222222222222
16S_49_Turjeman	0.5320802005012532	1.0	0.6577777777777778
16S_60_Shi	0.5466165413533834	0.7162962962962961	1.0
