	16S_102_Bodkhe	16S_49_Turjeman	16S_60_Shi
16S_102_Bodkhe	1.0	0.6996296296296297	0.6583333333333333
16S_49_Turjeman	0.562907268170426	1.0	0.6473333333333333
16S_60_Shi	0.6685463659147869	0.7137037037037037	1.0
