	16S_102_Bodkhe	16S_49_Turjeman	16S_60_Shi
16S_102_Bodkhe	0.7619047619047619	0.637037037037037	0.6266666666666667
16S_49_Turjeman	0.5939849624060151	0.9481481481481481	0.5277777777777777
16S_60_Shi	0.5626566416040101	0.5703703703703704	0.8955555555555555
