"Metric","TE_random","seTE_random","z_random","p_random","ci_lower","ci_upper","tau2","I2"
"observed",-0.524207593398221,0.170853498805278,-3.06817008175911,0.00215373998630758,-0.859074297689223,-0.189340889107219,0,0
"shannon",-0.432494727389147,0.170254502896749,-2.54028363438607,0.011076260287093,-0.766187421272545,-0.0988020335057496,0,0
"fisher",-0.517936996102212,0.170735637312388,-3.03356114900936,0.00241685725062701,-0.852572696111984,-0.183301296092439,0,0
"bulla",-0.392988901038177,0.169814058018725,-2.31423066866962,0.0206550725333697,-0.725818338823474,-0.0601594632528802,0,0
"simpson",-0.184154723383602,0.168851162179096,-1.09063343720592,0.275434210327728,-0.515096920002362,0.146787473235158,0,0
"dominance",0.321476403171736,0.169695820014025,1.89442735327933,0.0581683085796005,-0.0111212923827447,0.654074098726216,1.62965040572374e-06,0.017672738521285
"rare_abundance",-0.464291201493188,0.170247212675357,-2.72715890144141,0.00638822673440939,-0.797969606805218,-0.130612796181158,0,0
