Model	Mean AUC
lr	0.5560591293047433
svm	0.5186965968161144
xgboost	0.5018858633853153
mlp	0.4969377436647174
rf	0.4727094501299545
