	16S_102_Bodkhe	16S_119_Salamon	16S_80_Garcia
16S_102_Bodkhe	1.0	0.41118421052631576	0.615625
16S_119_Salamon	0.4844907407407407	1.0	0.4125
16S_80_Garcia	0.5231481481481483	0.5355263157894737	1.0
