	16S_102_Bodkhe	16S_119_Salamon	16S_80_Garcia
16S_102_Bodkhe	0.9953703703703705	0.4677631578947369	0.59375
16S_119_Salamon	0.43981481481481477	0.9684210526315787	0.5859375
16S_80_Garcia	0.4444444444444445	0.47960526315789476	1.0
