	16S_102_Bodkhe	16S_119_Salamon	16S_80_Garcia
16S_102_Bodkhe	0.8474537037037038	0.5136842105263157	0.375
16S_119_Salamon	0.5833333333333334	0.5817105263157895	0.640625
16S_80_Garcia	0.499537037037037	0.5	0.109375
