Model	Mean AUC
mlp	0.6173735587548878
lr	0.610140424800235
xgboost	0.6098229355033152
rf	0.6043553838039598
svm	0.5386835713512929
