Model	Mean AUC
mlp	0.6182403421121775
xgboost	0.6181496083909058
rf	0.6104175804856184
lr	0.6102885774562989
svm	0.5260468114866849
