	16S_136_Nobel	16S_20_Rawson	16S_49_Turjeman	16S_96_Quagliariello
16S_136_Nobel	1.0	0.6071428571428572	0.6066666666666666	0.6717299578059073
16S_20_Rawson	0.5173076923076924	1.0	0.49000000000000005	0.479746835443038
16S_49_Turjeman	0.5634615384615385	0.6428571428571429	1.0	0.6928270042194092
16S_96_Quagliariello	0.36923076923076925	0.8035714285714286	0.8733333333333334	1.0
