	16S_136_Nobel	16S_20_Rawson	16S_49_Turjeman	16S_96_Quagliariello
16S_136_Nobel	1.0	0.5464285714285714	0.554	0.48894514767932495
16S_20_Rawson	0.5901923076923077	1.0	0.6143333333333334	0.6584810126582278
16S_49_Turjeman	0.6294230769230769	0.6696428571428571	1.0	0.7014345991561182
16S_96_Quagliariello	0.35778846153846156	0.6589285714285713	0.7826666666666667	1.0
