"Metric","Mean_Log2_All","SE_Log2_All","N_FALSE","Mean_Log2_FALSE","SD_Log2_FALSE","N_TRUE","Mean_Log2_TRUE","SD_Log2_TRUE","Coef_Diagnosed_Celiac","SE_Diagnosed_Celiac","P_Diagnosed_Celiac","Significance","Study"
"observed",6.89356344207455,0.0442585433426752,40,6.78867623727318,0.328724940013937,26,7.05492837253821,0.350538499763144,0.247976005314061,0.0819504355683483,0.0035863390267934,"Significant","16S_136_Nobel"
"shannon",2.1886846701049,0.0138422620934621,40,2.15352953521558,0.0981657686976484,26,2.24276949301155,0.113258173294044,0.091020683335511,0.0264697241962389,0.00104154932457813,"Significant","16S_136_Nobel"
"fisher",4.11451347848592,0.0466407527304615,40,4.00183477510936,0.338662330502528,26,4.28786532983447,0.377895050839673,0.276390454373682,0.0893085122025104,0.00293685654763402,"Significant","16S_136_Nobel"
"bulla",0.506072409413238,0.00538891404899213,40,0.497227851011445,0.039817846623564,26,0.519679422339074,0.0468219384985772,0.0264434001410726,0.00926887533022699,0.00585360720096396,"Significant","16S_136_Nobel"
"simpson",0.204817959619594,0.00770338705553827,40,0.191243115694269,0.0595435885370122,26,0.225702334889324,0.0624802877821488,0.038566779872557,0.0143192801785487,0.00905360522348681,"Significant","16S_136_Nobel"
"dominance",0.089653182552603,0.00478120744607098,40,0.101013987288715,0.0383215076158215,26,0.0721750214201229,0.0332811227110721,-0.0297217520543131,0.0092015104789654,0.00196800580457989,"Significant","16S_136_Nobel"
"rare_abundance",0.0619066707207273,0.00285859125537431,40,0.0564916613636069,0.0207150502687042,26,0.0702374543470664,0.0247735025447157,0.0122711979135621,0.00530391520788551,0.0239648433738982,"Significant","16S_136_Nobel"
