"metric","k","tau2","est","ci.lb","ci.ub","pval"
"log2_Firmicutes_Bacteroidota",2,0.585996425391055,-0.509389192004756,-2.00529752946527,0.98651914545576,0.504510157599849
"log2_Prevotella_Bacteroides",2,0,-1.38144421148761,-3.74328012272783,0.980391699752618,0.251634548578853
