"Metric","Mean_Log2_All","SE_Log2_All","N_FALSE","Mean_Log2_FALSE","SD_Log2_FALSE","N_TRUE","Mean_Log2_TRUE","SD_Log2_TRUE","Coef_Will_Develop_Celiac","SE_Will_Develop_Celiac","P_Will_Develop_Celiac","Significance","Study"
"observed",4.97788490141847,0.0833186032997298,26,4.98079676012479,0.602764191779374,26,4.97497304271216,0.610789616514363,0.0101172575028745,0.161892656776282,0.950423974224982,"ns","16S_1211_Milletich"
"shannon",1.74591138182864,0.0349174135670823,26,1.71226586710654,0.276365241622318,26,1.77955689655073,0.224951372417922,0.0694154507603099,0.0703150623932197,0.328391524992258,"ns","16S_1211_Milletich"
"fisher",2.139903179564,0.0674129806450963,26,2.1373378789215,0.500171752583222,26,2.14246848020649,0.481555963955146,0.0129793468968925,0.135238850869691,0.923933060159558,"ns","16S_1211_Milletich"
"bulla",0.494139713313972,0.0129426414589888,26,0.475988598011739,0.0900767638723281,26,0.512290828616206,0.0947130569486904,0.0346328701635633,0.025330913224149,0.177796641849817,"ns","16S_1211_Milletich"
"simpson",0.324467587309547,0.0155710242779227,26,0.300496358266578,0.100888446859424,26,0.348438816352515,0.119775327565399,0.0456703543895988,0.0301419482126708,0.136152629351446,"ns","16S_1211_Milletich"
"dominance",0.216585040943443,0.0169830978279982,26,0.238497695024402,0.141996985178735,26,0.194672386862484,0.0971303409506601,-0.0443593884454354,0.034069203000617,0.198991057734291,"ns","16S_1211_Milletich"
"rare_abundance",0.0112079016490346,0.00116521476012467,26,0.0119971656421837,0.00935108494640568,26,0.0104186376558854,0.00743565830244778,-0.00125403918948036,0.00211529299162606,0.556011797590716,"ns","16S_1211_Milletich"
