"Metric","Mean_Log2_All","SE_Log2_All","N_FALSE","Mean_Log2_FALSE","SD_Log2_FALSE","N_TRUE","Mean_Log2_TRUE","SD_Log2_TRUE","Coef_Will_Develop_Celiac","SE_Will_Develop_Celiac","P_Will_Develop_Celiac","Significance","Study"
"observed",5.62401285788064,0.0595738412375356,34,5.57480141762098,0.590783730784282,34,5.6732242981403,0.368737365597677,0.0843522065154666,0.118666613814152,0.479730366369166,"ns","16S_68_Girdhar"
"shannon",2.02184473978907,0.022484803468881,34,1.99249043086423,0.224363869951831,34,2.05119904871392,0.132981509987088,0.0578559726319961,0.0451918248421902,0.205013929348564,"ns","16S_68_Girdhar"
"fisher",2.92300173469163,0.0550293331919682,34,2.8849871592736,0.529396303883109,34,2.96101631010966,0.367206591418494,0.0708058258556329,0.111382262699447,0.527203163993038,"ns","16S_68_Girdhar"
"bulla",0.578151494123497,0.00741307758415711,34,0.574456760378481,0.0659221942954194,34,0.581846227868513,0.0566840245139187,0.00970374167723024,0.0146227470701554,0.509289465615971,"ns","16S_68_Girdhar"
"simpson",0.378028716874941,0.0126473387243019,34,0.357799275094495,0.108732700377195,34,0.398258158655387,0.0970435265974292,0.0442842001271711,0.0245333172422716,0.075696504339268,"ns","16S_68_Girdhar"
"dominance",0.116828387823264,0.00940889293518884,34,0.133438192720928,0.09503958458627,34,0.1002185829256,0.0511968145221372,-0.0327998856643699,0.0187017527358071,0.0841716421479323,"ns","16S_68_Girdhar"
"rare_abundance",0.012592220000886,0.000746115457403801,34,0.0121758106611532,0.00653756792353033,34,0.0130086293406189,0.00581030326369965,0.000362136342159641,0.00132207947779048,0.785019137696852,"ns","16S_68_Girdhar"
