"Metric","Mean_Log2_All","SE_Log2_All","N_FALSE","Mean_Log2_FALSE","SD_Log2_FALSE","N_TRUE","Mean_Log2_TRUE","SD_Log2_TRUE","Coef_Will_Develop_Celiac","SE_Will_Develop_Celiac","P_Will_Develop_Celiac","Significance","Study"
"observed",5.42676896668406,0.0971936411842133,26,5.47506525771824,0.707674158020082,26,5.37847267564987,0.704585949599056,-0.0499760469712336,0.181695430100323,0.78443128395791,"ns","16S_1211_Milletich"
"shannon",1.81656525191331,0.0350137146319803,26,1.79081559605755,0.272774607100586,26,1.84231490776908,0.232947933902719,0.0588718975266926,0.0701789233866346,0.405609003876253,"ns","16S_1211_Milletich"
"fisher",2.54437667669498,0.0841501105894555,26,2.5811184387443,0.638503986726249,26,2.50763491464567,0.583680396617423,-0.0437714984929728,0.164245697888392,0.790972371881261,"ns","16S_1211_Milletich"
"bulla",0.46408875960076,0.0121524563957021,26,0.443818205242908,0.0775742305900075,26,0.484359313958612,0.0937747501721967,0.0365282168266064,0.0231935794130668,0.121708302663049,"ns","16S_1211_Milletich"
"simpson",0.270961532587201,0.0147943729644131,26,0.242071730336578,0.0857428879859543,26,0.299851334837824,0.118870702887343,0.052454418109658,0.02766744380301,0.0638799150878909,"ns","16S_1211_Milletich"
"dominance",0.196793373319361,0.0158171113298323,26,0.215742241696164,0.131661338163583,26,0.177844504942559,0.0919654808406356,-0.0400256032940404,0.0317173937296134,0.212942525745142,"ns","16S_1211_Milletich"
"rare_abundance",0.0210313062100474,0.00207911760773854,26,0.0235256177202109,0.0173832761796439,26,0.0185369946998839,0.0119764770902722,-0.00388592233705864,0.00374576306340746,0.304633573818879,"ns","16S_1211_Milletich"
