"Metric","Mean_Log2_All","SE_Log2_All","N_FALSE","Mean_Log2_FALSE","SD_Log2_FALSE","N_TRUE","Mean_Log2_TRUE","SD_Log2_TRUE","Coef_Diagnosed_Celiac","SE_Diagnosed_Celiac","P_Diagnosed_Celiac","Significance","Study"
"observed",7.62150334836767,0.0611467131006919,30,7.76263843447353,0.389283738633454,30,7.48036826226181,0.513470908886517,-0.290714584781696,0.116736608250534,0.0157005852768964,"Significant","16S_60_Shi"
"shannon",2.24013101663622,0.0247687578852134,30,2.28695804592819,0.123709127092717,30,2.19330398734424,0.234622124938589,-0.092209909201494,0.0487639215803346,0.063717825006237,"ns","16S_60_Shi"
"fisher",4.75905372719778,0.0664154445328738,30,4.91821317032549,0.437086684918382,30,4.59989428407007,0.543131973248794,-0.321434608767057,0.12829928185068,0.015114435236624,"Significant","16S_60_Shi"
"bulla",0.449826998863106,0.00854989385804876,30,0.455190131056738,0.055662402548005,30,0.444463866669475,0.0759309679594144,-0.00883171370096272,0.0166340064323769,0.597520920377074,"ns","16S_60_Shi"
"simpson",0.142606374922482,0.00740691937867824,30,0.149013797687706,0.0608782116112618,30,0.136198952157258,0.0539064460239337,-0.0111822646681486,0.0143695501136512,0.439674423314761,"ns","16S_60_Shi"
"dominance",0.0901770051910461,0.00928847971234262,30,0.0732796383965277,0.0397301348379605,30,0.107074371985564,0.0914460916963204,0.0334868674269908,0.0183680152243064,0.0735326153740903,"ns","16S_60_Shi"
"rare_abundance",0.0957141371068833,0.00443715477141926,30,0.10585558935798,0.0362515578226405,30,0.0855726848557869,0.0296035303170929,-0.0207302490429046,0.0085504731538356,0.0185250366894301,"Significant","16S_60_Shi"
