"Metric","Mean_Log2_All","SE_Log2_All","N_FALSE","Mean_Log2_FALSE","SD_Log2_FALSE","N_TRUE","Mean_Log2_TRUE","SD_Log2_TRUE","Coef_Diagnosed_Celiac","SE_Diagnosed_Celiac","P_Diagnosed_Celiac","Significance","Study"
"observed",6.22119924041031,0.0590742087253244,38,6.24463581180246,0.372871046114399,21,6.17879020646261,0.580478698243975,-0.0170030178562478,0.0876776178338021,0.846935138187078,"ns","16S_102_Bodkhe"
"shannon",2.1022624434697,0.023164977784956,38,2.10494654016373,0.153795241804717,21,2.0974055065948,0.219131392351798,0.00211894130642412,0.0460432004709907,0.96345745751211,"ns","16S_102_Bodkhe"
"fisher",3.05324000866013,0.0537534764141473,38,3.07031474817323,0.345465520947553,21,3.02234286096976,0.521570077517523,-0.00604648622247394,0.08441039207815,0.943149982197901,"ns","16S_102_Bodkhe"
"bulla",0.581462618884928,0.00804691516708905,38,0.576547076322988,0.0537998778037813,21,0.590357410187486,0.0748033411224649,0.0145028897125808,0.0170014759925975,0.397272671938436,"ns","16S_102_Bodkhe"
"simpson",0.264685529875659,0.0159576072825347,38,0.262650616824415,0.12634076194801,21,0.268367753492197,0.11839770470836,0.00233301787126881,0.0334240743567365,0.944601092289642,"ns","16S_102_Bodkhe"
"dominance",0.12826743004673,0.0111187277843603,38,0.126802007005401,0.079789285725805,21,0.130919147931039,0.0967639029480918,0.00295662134084644,0.0235929238745675,0.900720499882615,"ns","16S_102_Bodkhe"
"rare_abundance",0.0258950210005662,0.00165073752816506,38,0.0264962617072557,0.0112352517896044,21,0.0248070616265568,0.0151914275282662,-0.00027956878481904,0.00236450383658568,0.906303987952769,"ns","16S_102_Bodkhe"
