"metric","k","tau2","est","ci.lb","ci.ub","pval"
"log2_Firmicutes_Bacteroidota",3,2.32165441961724e-06,-1.19351977811972,-2.30688548745093,-0.0801540687885147,0.0356350986974355
"log2_Prevotella_Bacteroides",3,4.59466587163887,-0.989973830079462,-4.21368801181139,2.23374035165247,0.547249070203431
