"metric","k","tau2","est","ci.lb","ci.ub","pval"
"log2_Firmicutes_Bacteroidota",4,0.129476544588936,-0.487454826202387,-1.06733328731318,0.0924236349084021,0.0994396846375057
"log2_Prevotella_Bacteroides",4,1.6444573182074,-0.393010235437312,-2.83573505656446,2.04971458568983,0.75250443058544
