"metric","k","tau2","est","ci.lb","ci.ub","pval"
"log2_Firmicutes_Bacteroidota",3,0.0389949192430405,-0.302930484894523,-0.908399624084439,0.302538654295394,0.326782047594325
"log2_Prevotella_Bacteroides",3,19.0926528299558,-0.604939269109184,-6.2938977997111,5.08401926149273,0.8349056467143
