"metric","beta","se","p","study","n"
"log2_Firmicutes",0.21389258779055,0.0939672510886295,0.0261330589767434,"16S_68_Girdhar",68
"log2_Proteobacteria",0.462362453960819,0.879153871971611,0.600735282554114,"16S_68_Girdhar",68
"log2_Bacteroidota",0.317485852101303,0.374456361784398,0.39962836279478,"16S_68_Girdhar",68
