"metric","beta","se","p","study","n"
"log2_Firmicutes",0.170509590172346,0.227720376005521,0.457576774465103,"16S_1211_Milletich",52
"log2_Proteobacteria",0.250458399313477,1.15995978783485,0.829946516240061,"16S_1211_Milletich",52
"log2_Bacteroidota",2.11540837491773,1.40481249978289,0.138530685339756,"16S_1211_Milletich",52
