"metric","beta","se","p","study","n"
"log2_Firmicutes",0.170509590172346,0.227720376005521,0.457576774465103,"16S_1211_Milletich",52
"log2_Proteobacteria",0.250458399313477,1.15995978783485,0.829946516240061,"16S_1211_Milletich",52
"log2_Bacteroidota",2.11540837491773,1.40481249978289,0.138530685339756,"16S_1211_Milletich",52
"log2_Firmicutes",0.21389258779055,0.0939672510886295,0.0261330589767434,"16S_68_Girdhar",68
"log2_Proteobacteria",0.462362453960819,0.879153871971611,0.600735282554114,"16S_68_Girdhar",68
"log2_Bacteroidota",0.317485852101303,0.374456361784398,0.39962836279478,"16S_68_Girdhar",68
