	16S_1211_Milletich	16S_68_Girdhar
16S_1211_Milletich	1.0	0.6081314878892734
16S_68_Girdhar	0.6565088757396449	1.0
