	16S_1211_Milletich	16S_68_Girdhar
16S_1211_Milletich	0.3402366863905325	0.4967128027681661
16S_68_Girdhar	0.47292899408284017	0.7821799307958479
