Model	Mean AUC
mlp	0.6151409676296553
xgboost	0.6001156814971029
rf	0.5859134743350873
lr	0.5581017997174504
svm	0.48834252984173143
