Model	Mean AUC
xgboost	0.6323201818144591
mlp	0.6227483057267459
rf	0.6137174709772527
lr	0.5602644294752359
svm	0.48482089842550313
