	16S_1211_Milletich	16S_68_Girdhar
16S_1211_Milletich	1.0	0.6434256055363321
16S_68_Girdhar	0.6020710059171597	1.0
