	16S_1211_Milletich	16S_68_Girdhar
16S_1211_Milletich	0.7204142011834319	0.5865051903114187
16S_68_Girdhar	0.5340236686390533	0.8088235294117648
