	16S_1211_Milletich	16S_68_Girdhar
16S_1211_Milletich	1.0	0.613840830449827
16S_68_Girdhar	0.5863905325443788	1.0
