	16S_1211_Milletich	16S_68_Girdhar
16S_1211_Milletich	1.0	0.5980103806228374
16S_68_Girdhar	0.5738165680473373	1.0
