	16S_1211_Milletich	16S_68_Girdhar
16S_1211_Milletich	1.0	0.6326124567474048
16S_68_Girdhar	0.5948224852071006	1.0
