	16S_1211_Milletich	16S_68_Girdhar
16S_1211_Milletich	1.0	0.6323529411764705
16S_68_Girdhar	0.5979289940828403	1.0
