	16S_1211_Milletich	16S_68_Girdhar
16S_1211_Milletich	0.7218934911242604	0.5821799307958477
16S_68_Girdhar	0.5340236686390533	0.809688581314879
