	16S_1211_Milletich	16S_68_Girdhar
16S_1211_Milletich	0.36005917159763323	0.47846020761245683
16S_68_Girdhar	0.49822485207100603	0.23174740484429068
